{"cameraMode":{"drawMode":0,"name":"Shaded","section":"Shading Mode"},"sceneLighting":true,"audioPlay":false,"sceneViewState":{"showFog":true,"showMaterialUpdate":false,"showSkybox":true,"showFlares":true,"showImageEffects":true,"showParticleSystems":true},"in2DMode":false,"pivot":{"x":256.0225830078125,"y":124.93611145019531,"z":-184.37669372558595},"rotation":{"x":-0.07358422875404358,"y":0.5475711226463318,"z":0.04840775951743126,"w":0.8321434855461121},"size":316.9620666503906,"orthographic":false}